Student_ID,ID,Classes_ID,Letter_Grade,Grade_Level,Credit_Type,Credit_Awarded,Credit_Potential
262969,21082692,1137468,D,9,OTHER,0.5,0.5
262969,21082673,1137517,C,9,SCI,0.5,0.5
262969,21078895,1137663,D,9,MTH,0.5,0.5
262969,21078907,1137815,D,9,ELA,0.5,0.5
262969,21078870,1507404,D,9,SS,0.5,0.5
262969,21075071,1643747,P,9,OTHER,0.5,0.5
158592,20104947,1649787,D,9,LANG,0.5,0.5
158592,20805984,1649788,C,9,LANG,0.5,0.5
158592,20805774,1650063,F,9,SS,0,0.5
158592,20106303,1650065,D,9,SCI,0.5,0.5
158592,20805638,1650066,F,9,SCI,0,0.5
158592,20107413,1650067,D,9,ELA,0.5,0.5
158592,20805010,1650068,F,9,ELA,0,0.5
158592,20106022,1650072,F,9,MTH,0,0.5
158592,20806764,1650073,F,9,MTH,0,0.5
158592,20106523,1650076,C,9,ART,0.5,0.5
158592,20806803,1650077,F,9,OTHER,0,0.5
158592,20106236,1650089,D,9,SS,0.5,0.5
158592,20106857,1654129,B,9,LANG,0.5,0.5
158592,20806328,1654130,F,9,LANG,0,0.5
262969,21103915,1752941,F,9,MTH,0,0.5
262969,21077348,1755052,D,9,ELA,0.5,0.5
262969,21100028,1756063,F,9,SS,0,0.5
262969,21100047,1756282,D,9,OTHER,0.5,0.5
262969,21092580,1758074,D,9,SCI,0.5,0.5
262969,21096321,1769329,P,9,OTHER,0.5,0.5
930594,20925690,1893190,D,9,OTHER,0.5,0.5
489321,21793538,2039118,A,9,OTHER,0.5,0.5
489321,21788089,2039145,C,9,ELA,0.5,0.5
489321,21790277,2039172,C,9,MTH,0.5,0.5
489321,21787117,2039199,C,9,SCI,0.5,0.5
489321,21791332,2039276,C,9,SS,0.5,0.5
240541,21793604,2047106,B,9,SS,0.5,0.5
240541,21785822,2047107,A,9,OTHER,0.5,0.5
240541,21790507,2047108,C,9,SCI,0.5,0.5
240541,21792564,2047109,B,9,MTH,0.5,0.5
240541,21785823,2047112,B,9,ART,0.5,0.5
556785,21791894,2047129,D,9,SS,0.5,0.5
556785,21792223,2047131,D,9,SCI,0.5,0.5
556785,21793077,2047134,B,9,ART,0.5,0.5
262969,21793300,2078218,D,10,ELA,0.5,0.5
262969,21788893,2078219,D,10,PE,0.5,0.5
489321,21795526,2102949,F,9,ART,0,0.5
815114,21651969,2173529,C,9,ELA,0.5,0.5
319366,21651943,2173529,C,9,ELA,0.5,0.5
815114,21650096,2174621,C,9,SS,0.5,0.5
319366,21649298,2174621,D,9,SS,0.5,0.5
815114,21650201,2174685,C,9,SCI,0.5,0.5
319366,21651066,2174685,C,9,SCI,0.5,0.5
889495,21627874,2223418,A,9,ELA,0.5,0.5
889495,22526136,2223419,A,9,ELA,0.5,0.5
889495,22525652,2223421,A,9,SS,0.5,0.5
889495,22518215,2223422,B,9,MTH,0.5,0.5
889495,21626035,2223424,A,9,SCI,0.5,0.5
621001,21628035,2227585,C,9,OTHER,0.5,0.5
621001,21626576,2227586,B,9,ELA,0.5,0.5
621001,21626360,2227587,D,9,SS,0.5,0.5
621001,22518406,2227588,B,9,SS,0.5,0.5
621001,22519370,2227589,B,9,MTH,0.5,0.5
621001,21630063,2227590,C,9,PE,0.5,0.5
621001,22525670,2227591,C,9,SCI,0.5,0.5
889495,21629273,2230049,A,9,SS,0.5,0.5
889495,21624387,2230050,B,9,MTH,0.5,0.5
889495,22518079,2230052,A,9,SCI,0.5,0.5
621001,22517083,2231745,C,9,OTHER,0.5,0.5
621001,22517084,2231746,B,9,ELA,0.5,0.5
621001,21630274,2231747,C,9,MTH,0.5,0.5
621001,22522507,2231748,B,9,PE,0.5,0.5
621001,21623584,2231749,C,9,SCI,0.5,0.5
319366,21651209,2294093,D,9,ART,0.5,0.5
306092,21958702,2297473,D,9,ELA,0.5,0.5
306092,21959770,2297474,D,9,SCI,0.5,0.5
306092,21959842,2297475,D,9,MTH,0.5,0.5
131045,21960821,2297476,B,9,SS,0.5,0.5
306092,21958421,2297476,D,9,SS,0.5,0.5
306092,21957674,2297478,F,9,OTHER,0,0.5
519474,22462084,2312723,A,9,SCI,0.5,0.5
519474,21763244,2313899,B,9,ELA,0.5,0.5
519474,22460741,2313900,D,9,ELA,0.5,0.5
519474,21760646,2313901,C,9,SS,0.5,0.5
519474,22462130,2313902,C,9,SS,0.5,0.5
519474,21760907,2313903,A,9,ART,0.5,0.5
519474,22460374,2313904,A,9,ART,0.5,0.5
519474,21758268,2313905,D,9,MTH,0.5,0.5
519474,22461689,2313906,C,9,MTH,0.5,0.5
519474,21761315,2313908,A,9,SCI,0.5,0.5
519474,21758795,2313909,C,9,OTHER,0.5,0.5
519474,22461521,2321991,A,9,OTHER,0.5,0.5
92050,21922186,2337584,C,9,SCI,0.5,0.5
92050,21920202,2337586,C,9,MTH,0.5,0.5
92050,21922734,2337587,A,9,SS,0.5,0.5
92050,21920902,2337588,D,9,ELA,0.5,0.5
92050,21920513,2337589,B,9,OTHER,0.5,0.5
815114,21649149,2423955,C,9,MTH,0.5,0.5
319366,21651823,2423955,C,9,MTH,0.5,0.5
906838,21694948,2470573,A,8,OTHER,0.5,0.5
906838,22898506,2470573,C,8,OTHER,0.5,0.5
306092,21960565,2495352,P,9,OTHER,0.5,0.5
871203,21648930,2509967,B,9,OTHER,0.5,0.5
578701,21788168,2511453,A,9,ELA,0.5,0.5
578701,21790700,2511478,B,9,MTH,0.5,0.5
578701,21793439,2511479,B,9,SCI,0.5,0.5
578701,21786838,2511487,A,9,ART,0.5,0.5
936412,21857422,2512335,A,9,ELA,0.5,0.5
917922,21857549,2512335,A,9,ELA,0.5,0.5
936412,21857643,2512401,A,9,SCI,0.5,0.5
917922,21857568,2512401,A,9,SCI,0.5,0.5
917922,21857469,2513682,A,9,SS,0.5,0.5
936412,21857896,2513682,B,9,SS,0.5,0.5
936412,21857756,2513683,A,9,MTH,0.5,0.5
917922,21857468,2513683,A,9,MTH,0.5,0.5
917922,21857889,2513685,A,9,OTHER,0.5,0.5
936412,21857742,2513685,B,9,OTHER,0.5,0.5
936412,21857457,2513690,A,9,OTHER,0.5,0.5
126364,22010145,2521371,A,9,OTHER,0.5,0.5
126364,22011075,2521373,C,9,ELA,0.5,0.5
126364,22012052,2521377,D,9,MTH,0.5,0.5
126364,22010457,2521383,C,9,SCI,0.5,0.5
126364,22011076,2521657,B,9,SS,0.5,0.5
255674,21773207,2523501,A,9,MTH,0.5,0.5
255674,22455030,2523502,B,9,MTH,0.5,0.5
255674,21771166,2523516,A,9,ELA,0.5,0.5
255674,22453707,2523519,A,9,ELA,0.5,0.5
255674,21774127,2523522,A,9,SCI,0.5,0.5
255674,22453838,2523523,C,9,SCI,0.5,0.5
255674,21771970,2523524,C,9,SS,0.5,0.5
255674,22454039,2523527,B,9,SS,0.5,0.5
255674,21769627,2523532,A,9,ART,0.5,0.5
255674,22453900,2523535,B,9,ART,0.5,0.5
917922,21857759,2540696,A,9,PE,0.5,0.5
255674,21772387,2567078,A,9,PE,0.5,0.5
255674,22454247,2567079,B,9,OTHER,0.5,0.5
228721,21638221,2567882,B,9,PE,0.5,0.5
228721,21637762,2567884,B,9,ELA,0.5,0.5
228721,21637180,2567892,D,9,SCI,0.5,0.5
228721,21638463,2568008,C,9,MTH,0.5,0.5
228721,21636925,2568016,B,9,SS,0.5,0.5
228721,21637573,2568028,A,9,ART,0.5,0.5
815114,21651485,2568843,B,9,PE,0.5,0.5
871203,21648992,2568843,B,9,PE,0.5,0.5
262969,21785517,2601601,D,10,MTH,0.5,0.5
936412,21857632,2605523,P,9,OTHER,0.5,0.5
917922,21857592,2605523,P,9,OTHER,0.5,0.5
489650,21771145,2612187,B,9,PE,0.5,0.5
489650,22452580,2612188,A,9,PE,0.5,0.5
489650,21769685,2612190,F,9,SS,0,0.5
489650,22454062,2612191,F,9,SS,0,0.5
489650,21773501,2612192,D,9,MTH,0.5,0.5
489650,22451834,2612193,D,9,MTH,0.5,0.5
489650,21772200,2612194,F,9,ART,0,0.5
489650,21770153,2612196,B,9,ELA,0.5,0.5
489650,22453092,2612197,C,9,ELA,0.5,0.5
126364,22012053,2616183,P,9,OTHER,0.5,0.5
578701,21785334,2621850,B,9,SS,0.5,0.5
349393,21912294,2628529,F,9,ELA,0,0.5
349393,21915235,2628531,D,9,MTH,0.5,0.5
349393,21912039,2628538,B,9,SS,0.5,0.5
349393,21911378,2628539,B,9,OTHER,0.5,0.5
349393,21915813,2628540,A,9,SCI,0.5,0.5
349393,21911612,2628542,B,9,OTHER,0.5,0.5
889495,22520841,2634384,A,9,LANG,0.5,0.5
889495,21628821,2634385,A,9,LANG,0.5,0.5
889495,21634005,2634386,A,9,PE,0.5,0.5
889495,22519635,2634387,A,9,PE,0.5,0.5
92050,21922231,2648492,P,9,OTHER,0.5,0.5
662140,21791169,2651489,F,9,SCI,0,0.5
662140,21793725,2651490,F,9,SS,0,0.5
662140,21788439,2651491,F,9,MTH,0,0.5
662140,21795190,2651493,D,9,OTHER,0.5,0.5
556785,21793078,2651493,D,9,OTHER,0.5,0.5
662140,21788438,2651494,F,9,ART,0,0.5
240541,21789862,2651495,A,9,ELA,0.5,0.5
662140,21795525,2651495,F,9,ELA,0,0.5
131045,21960261,2663713,F,9,OTHER,0,0.5
131045,21957914,2663714,C,9,ELA,0.5,0.5
131045,21959613,2663715,C,9,MTH,0.5,0.5
131045,21959872,2663719,C,9,MTH,0.5,0.5
131045,21958735,2664345,B,9,SCI,0.5,0.5
319366,21651944,2677290,P,9,OTHER,0.5,0.5
815114,21652084,2678562,C,9,ART,0.5,0.5
489650,22452193,2709564,D,9,SCI,0.5,0.5
489650,21773182,2709565,F,9,SCI,0,0.5
556785,21789036,2720601,F,9,ELA,0,0.5
556785,21788342,2720614,D,9,MTH,0.5,0.5
262969,21790047,2735154,D,10,SS,0.5,0.5
262969,21787365,2735468,A,10,SCI,0.5,0.5
262969,21793301,2735469,A,10,SCI,0.5,0.5
567785,21690464,2740535,C,7,OTHER,0.5,0.5
567785,22895883,2740535,C,7,OTHER,0.5,0.5
578701,21790009,2746057,B,9,OTHER,0.5,0.5
489321,22406575,2746299,D,9,ELA,0.5,0.5
240541,22404461,2746384,B,9,ELA,0.5,0.5
662140,22410165,2746384,F,9,ELA,0,0.5
556785,22405936,2746441,F,9,ELA,0,0.5
578701,22404324,2746663,A,9,ELA,0.5,0.5
240541,22405573,2746852,B,9,SS,0.5,0.5
662140,22407116,2746869,F,9,SS,0,0.5
489321,22407928,2746946,B,9,SS,0.5,0.5
556785,22406613,2747176,D,9,SS,0.5,0.5
578701,22403952,2747390,B,9,MTH,0.5,0.5
662140,22403943,2747404,F,9,MTH,0,0.5
556785,22405563,2747560,D,9,MTH,0.5,0.5
489321,22410454,2747775,F,9,MTH,0,0.5
240541,22405545,2747793,C,9,MTH,0.5,0.5
489321,22410029,2748142,F,9,OTHER,0,0.5
240541,22404311,2748156,A,9,OTHER,0.5,0.5
662140,22406972,2748226,D,9,OTHER,0.5,0.5
240541,22405012,2748337,D,9,ART,0.5,0.5
578701,22406730,2748515,B,9,PE,0.5,0.5
556785,22405587,2748638,C,9,ART,0.5,0.5
578701,22404165,2748692,B,9,ART,0.5,0.5
662140,22407929,2749000,F,9,SCI,0,0.5
240541,22406440,2749054,B,9,SCI,0.5,0.5
489321,22410973,2749088,A,9,SCI,0.5,0.5
556785,22404186,2749141,C,9,SCI,0.5,0.5
578701,22406206,2750023,A,9,SS,0.5,0.5
662140,22408367,2753159,F,9,ART,0,0.5
578701,22405957,2753584,C,9,SCI,0.5,0.5
489321,22410331,2754192,F,9,ART,0,0.5
126364,22431955,2762205,D,9,MTH,0.5,0.5
126364,22432229,2762409,D,9,OTHER,0.5,0.5
126364,22431799,2762570,C,9,ELA,0.5,0.5
126364,22431289,2762618,P,9,OTHER,0.5,0.5
262969,22405071,2762668,F,10,ELA,0,0.5
126364,22431163,2762887,C,9,SS,0.5,0.5
262969,22409427,2764867,B,10,SCI,0.5,0.5
262969,22403898,2770315,A,10,SCI,0.5,0.5
871203,22508274,2771571,B,9,OTHER,0.5,0.5
319366,22508836,2772348,P,9,OTHER,0.5,0.5
815114,22509411,2772553,D,9,SS,0.5,0.5
319366,22508251,2772553,F,9,SS,0,0.5
92050,22513214,2774695,A,9,ELA,0.5,0.5
815114,22508876,2777431,F,9,MTH,0,0.5
319366,22509724,2777431,F,9,MTH,0,0.5
262969,22404023,2784052,F,10,SS,0,0.5
92050,22512525,2792957,B,9,SCI,0.5,0.5
262969,22410784,2793101,F,10,PE,0,0.5
92050,22513672,2794094,A,9,PE,0.5,0.5
126364,22431600,2799706,C,9,SCI,0.5,0.5
92050,22513879,2800875,B,9,MTH,0.5,0.5
306092,22515718,2801373,D,9,SS,0.5,0.5
131045,22516203,2801373,D,9,SS,0.5,0.5
131045,22514309,2801840,A,9,SCI,0.5,0.5
306092,22515971,2802023,B,9,SCI,0.5,0.5
306092,22515387,2802404,F,9,ELA,0,0.5
131045,22515680,2802497,D,9,ELA,0.5,0.5
131045,22515298,2804488,D,9,MTH,0.5,0.5
306092,22515637,2804494,F,9,MTH,0,0.5
815114,22509757,2804886,A,9,PE,0.5,0.5
306092,22514421,2805074,B,9,OTHER,0.5,0.5
131045,22514601,2805120,C,9,OTHER,0.5,0.5
131045,22516104,2807284,A,9,MTH,0.5,0.5
306092,22515800,2807537,P,9,OTHER,0.5,0.5
936412,22478938,2807749,A,9,ELA,0.5,0.5
917922,22478879,2807749,B,9,ELA,0.5,0.5
815114,22508651,2808069,B,9,SCI,0.5,0.5
319366,22508481,2808069,D,9,SCI,0.5,0.5
936412,22478815,2808266,A,9,MTH,0.5,0.5
917922,22479019,2808266,B,9,MTH,0.5,0.5
936412,22478842,2808278,B,9,OTHER,0.5,0.5
917922,22478829,2808278,B,9,OTHER,0.5,0.5
228721,22529332,2808454,A,9,MTH,0.5,0.5
228721,22528685,2808868,B,9,ELA,0.5,0.5
228721,22529279,2809135,A,9,PE,0.5,0.5
936412,22479119,2809213,A,9,SCI,0.5,0.5
917922,22479102,2809213,B,9,SCI,0.5,0.5
936412,22478818,2809506,P,9,OTHER,0.5,0.5
917922,22478848,2809506,P,9,OTHER,0.5,0.5
936412,22479035,2809533,A,9,OTHER,0.5,0.5
936412,22479095,2809894,A,9,SS,0.5,0.5
917922,22479041,2809894,B,9,SS,0.5,0.5
917922,22478986,2810544,A,9,PE,0.5,0.5
92050,22514019,2811450,A,9,SS,0.5,0.5
92050,22513693,2811844,P,9,OTHER,0.5,0.5
228721,22529129,2812806,D,9,SCI,0.5,0.5
262969,22405469,2825700,A,10,MTH,0.5,0.5
815114,22509768,2832134,C,9,ELA,0.5,0.5
319366,22507896,2832134,C,9,ELA,0.5,0.5
228721,22529494,2834606,B,9,ART,0.5,0.5
228721,22528672,2836882,B,9,SS,0.5,0.5
556785,22409541,2852709,P,9,OTHER,0.5,0.5
349393,22471350,2852785,C,9,MTH,0.5,0.5
349393,22471302,2852786,F,9,ELA,0,0.5
349393,22473391,2852787,B,9,SS,0.5,0.5
349393,22470827,2852788,D,9,OTHER,0.5,0.5
349393,22473440,2852789,A,9,SCI,0.5,0.5
349393,22470570,2852790,B,9,MTH,0.5,0.5
815114,22507871,2859978,A,9,ART,0.5,0.5
871203,22508166,2865393,B,9,PE,0.5,0.5
319366,22508886,2865393,C,9,PE,0.5,0.5
489650,22452644,2870968,C,9,OTHER,0.5,0.5
906838,22900251,2879011,B,8,OTHER,0.5,0.5
262969,23735142,2937600,F,11,SCI,0,0.5
262969,23730320,2937601,C,11,MTH,0.5,0.5
262969,23729381,2937602,D,11,ELA,0.5,0.5
262969,23734909,2937604,F,11,SS,0,0.5
262969,23731545,2937605,D,11,ART,0.5,0.5
936412,23595941,2956157,A,10,OTHER,0.5,0.5
917922,23596075,2956157,A,10,OTHER,0.5,0.5
936412,23596248,2956158,A,10,MTH,0.5,0.5
917922,23595912,2956158,C,10,MTH,0.5,0.5
917922,23596355,2956160,A,10,ELA,0.5,0.5
936412,23596136,2956160,B,10,ELA,0.5,0.5
936412,23596022,2964490,A,10,SS,0.5,0.5
917922,23596318,2964490,A,10,SS,0.5,0.5
936412,23596294,2964491,A,10,SCI,0.5,0.5
92050,23592377,2969371,C,10,ELA,0.5,0.5
92050,23592462,2969373,D,10,SCI,0.5,0.5
255674,23547606,3018856,A,10,SS,0.5,0.5
255674,23551133,3018857,B,10,PE,0.5,0.5
255674,23548459,3018859,A,10,SCI,0.5,0.5
255674,23550880,3018861,B,10,MTH,0.5,0.5
255674,24232410,3018863,A,10,OTHER,0.5,0.5
255674,24231682,3018867,B,10,MTH,0.5,0.5
489650,23550107,3019549,F,10,MTH,0,0.5
489650,23550871,3019551,D,10,SS,0.5,0.5
489650,23550548,3019553,F,10,ELA,0,0.5
489650,24235196,3019557,D,10,SS,0.5,0.5
228721,23748316,3147570,D,10,MTH,0.5,0.5
228721,23747232,3147644,D,10,SS,0.5,0.5
228721,23748471,3147718,D,10,LANG,0.5,0.5
228721,23748752,3147792,D,10,SCI,0.5,0.5
228721,23748257,3148069,C,10,ELA,0.5,0.5
556785,23738701,3209872,C,10,LANG,0.5,0.5
556785,23737194,3213617,P,10,OTHER,0.5,0.5
262969,23732964,3216212,F,11,LANG,0,0.5
164078,23751069,3220407,C,9,ELA,0.5,0.5
164078,23752711,3220465,D,9,SS,0.5,0.5
815114,23751297,3226577,C,10,MTH,0.5,0.5
815114,23752198,3226967,D,10,OTHER,0.5,0.5
519474,23507315,3233772,D,10,ELA,0.5,0.5
519474,24222750,3234460,C,10,ELA,0.5,0.5
578701,23733253,3252087,A,10,LANG,0.5,0.5
705860,23735080,3252087,A,9,ART,0.5,0.5
319366,23750938,3276513,C,10,OTHER,0.5,0.5
126364,23609676,3302478,A,10,MTH,0.5,0.5
126364,23611545,3302599,A,10,ELA,0.5,0.5
126364,23611464,3302618,B,10,SS,0.5,0.5
413254,24213583,3317026,A,9,OTHER,0.5,0.5
413254,24216439,3317028,C,9,ELA,0.5,0.5
413254,23715765,3317029,D,9,MTH,0.5,0.5
413254,23714525,3317030,D,9,PE,0.5,0.5
413254,23727423,3317031,C,9,SCI,0.5,0.5
621001,23723794,3320664,A,10,ELA,0.5,0.5
621001,24216429,3320665,A,10,ELA,0.5,0.5
621001,23727583,3320666,B,10,SS,0.5,0.5
621001,24208411,3320667,D,10,SS,0.5,0.5
621001,23719166,3320668,A,10,OTHER,0.5,0.5
621001,23717494,3320670,B,10,LANG,0.5,0.5
621001,24215377,3320671,C,10,LANG,0.5,0.5
621001,23717347,3320672,B,10,MTH,0.5,0.5
621001,24212259,3320673,B,10,MTH,0.5,0.5
621001,23724850,3320674,B,10,SCI,0.5,0.5
621001,24209553,3320675,B,10,SCI,0.5,0.5
413254,23724197,3320915,B,9,OTHER,0.5,0.5
413254,23714185,3320917,B,9,ELA,0.5,0.5
413254,23725948,3320918,B,9,SS,0.5,0.5
413254,24207411,3320919,B,9,SS,0.5,0.5
413254,24213222,3320920,D,9,MTH,0.5,0.5
413254,24212582,3320921,C,9,PE,0.5,0.5
413254,24208856,3320922,C,9,SCI,0.5,0.5
889495,24206852,3340838,A,10,SS,0.5,0.5
889495,23725253,3340839,A,10,SS,0.5,0.5
889495,23727971,3340842,C,10,MTH,0.5,0.5
889495,24212993,3340843,D,10,MTH,0.5,0.5
889495,23717768,3340844,A,10,SCI,0.5,0.5
889495,24208949,3340845,A,10,SCI,0.5,0.5
240541,23729934,3347731,F,10,MTH,0,0.5
240541,23732178,3347732,F,10,ELA,0,0.5
556785,23736328,3358485,D,10,MTH,0.5,0.5
556785,23729881,3358486,F,10,SS,0,0.5
556785,23733871,3358487,D,10,SCI,0.5,0.5
255674,24235317,3385085,B,10,SS,0.5,0.5
255674,23547663,3385086,A,10,MTH,0.5,0.5
255674,24232585,3385087,A,10,MTH,0.5,0.5
255674,24232679,3385088,A,10,SCI,0.5,0.5
489650,24235181,3393314,F,10,MTH,0,0.5
489650,23547540,3393421,F,10,SCI,0,0.5
489650,24232912,3393423,D,10,SCI,0.5,0.5
489650,24232179,3393424,F,10,ELA,0,0.5
93007,23551877,3395153,F,9,SCI,0,0.5
93007,23550311,3395154,B,9,ELA,0.5,0.5
93007,23549544,3395155,B,9,MTH,0.5,0.5
93007,24233268,3397651,C,9,MTH,0.5,0.5
93007,24234519,3397653,B,9,ELA,0.5,0.5
93007,23547996,3397663,B,9,OTHER,0.5,0.5
93007,23547625,3397665,C,9,SS,0.5,0.5
93007,24231964,3397666,D,9,SS,0.5,0.5
93007,24232330,3397669,B,9,OTHER,0.5,0.5
131045,23741119,3409007,C,10,MTH,0.5,0.5
131045,23741569,3409087,C,10,SCI,0.5,0.5
131045,23742629,3409161,D,10,SS,0.5,0.5
131045,23742303,3409294,D,10,ELA,0.5,0.5
489321,23732274,3427692,F,10,MTH,0,0.5
489321,23738938,3427697,F,10,PE,0,0.5
662140,23739781,3427700,F,10,SCI,0,0.5
489321,23736364,3427700,F,10,SCI,0,0.5
489321,23738777,3427703,D,10,SS,0.5,0.5
489321,23737826,3427706,F,10,ELA,0,0.5
917922,23595953,3428841,A,10,PE,0.5,0.5
489321,23738437,3434270,F,10,LANG,0,0.5
621001,24211968,3435387,C,10,OTHER,0.5,0.5
306092,23741951,3435614,B,10,MTH,0.5,0.5
306092,23742680,3435615,F,10,ELA,0,0.5
306092,23740215,3435618,D,10,SCI,0.5,0.5
306092,23742101,3435619,D,10,SS,0.5,0.5
306092,23741824,3435762,D,10,ART,0.5,0.5
578701,23736183,3437888,A,10,SS,0.5,0.5
578701,23733023,3437889,B,10,OTHER,0.5,0.5
578701,23730253,3437899,B,10,ELA,0.5,0.5
349393,23644077,3442903,A,10,ELA,0.5,0.5
349393,23644702,3443044,A,10,SS,0.5,0.5
349393,23642577,3443774,A,10,SCI,0.5,0.5
349393,23641588,3443775,D,10,MTH,0.5,0.5
871203,23750495,3444949,B,10,OTHER,0.5,0.5
871203,23751057,3445001,B,10,PE,0.5,0.5
190387,23501526,3448435,A,9,ART,0.5,0.5
190387,24203414,3448439,C,9,ART,0.5,0.5
190387,23499068,3448446,A,9,ART,0.5,0.5
190387,24205939,3449300,A,9,ART,0.5,0.5
190387,23500600,3449405,A,9,ART,0.5,0.5
190387,23501760,3449653,A,9,SS,0.5,0.5
190387,24205376,3449654,A,9,SS,0.5,0.5
190387,23500495,3449655,B,9,SCI,0.5,0.5
190387,24206129,3449656,D,9,SCI,0.5,0.5
936412,23596216,3476890,A,10,SCI,0.5,0.5
917922,23596244,3476890,B,10,SCI,0.5,0.5
740143,23593774,3484025,A,9,OTHER,0.5,0.5
906838,23526350,3484269,D,9,MTH,0.5,0.5
906838,23527092,3484284,B,9,SCI,0.5,0.5
906838,23525833,3484488,A,9,SS,0.5,0.5
936412,23596184,3492608,A,10,OTHER,0.5,0.5
917922,23596394,3492608,B,10,ART,0.5,0.5
662140,23735439,3496887,F,10,MTH,0,0.5
662140,23732830,3497089,F,10,LANG,0,0.5
662140,23733603,3497093,F,10,ART,0,0.5
131045,23741330,3497221,B,10,ART,0.5,0.5
489650,23550729,3511432,C,10,LANG,0.5,0.5
489650,24233870,3511434,C,10,LANG,0.5,0.5
489650,23551047,3511495,B,10,ART,0.5,0.5
489650,24234004,3511496,C,10,ART,0.5,0.5
705860,23735850,3546773,A,9,MTH,0.5,0.5
705860,23736597,3546776,A,9,OTHER,0.5,0.5
167071,23737981,3546776,D,9,OTHER,0.5,0.5
705860,23735621,3546777,A,9,SS,0.5,0.5
167071,23735276,3546777,C,9,SS,0.5,0.5
519474,23511618,3550874,B,10,SS,0.5,0.5
240541,23729449,3559899,F,10,SCI,0,0.5
240541,23736549,3559902,F,10,PE,0,0.5
240541,23731695,3559903,C,10,LANG,0.5,0.5
329231,23737555,3560451,A,9,SS,0.5,0.5
705860,23732090,3560458,A,9,ELA,0.5,0.5
329231,23736491,3560458,A,9,ELA,0.5,0.5
167071,23735235,3560458,D,9,ELA,0.5,0.5
329231,23737994,3560626,B,9,SCI,0.5,0.5
329231,23739310,3561052,B,9,MTH,0.5,0.5
329231,23732792,3561451,B,9,OTHER,0.5,0.5
329231,23731795,3561464,A,9,OTHER,0.5,0.5
349393,23643812,3575970,D,10,ART,0.5,0.5
889495,23726065,3589150,A,10,ELA,0.5,0.5
889495,24210234,3589152,A,10,ELA,0.5,0.5
889495,23726699,3589153,A,10,LANG,0.5,0.5
889495,24208129,3589154,A,10,LANG,0.5,0.5
906838,23526547,3609112,C,9,ELA,0.5,0.5
152334,23686759,3611085,F,9,MTH,0,0.5
152334,24217129,3611086,F,9,MTH,0,0.5
152334,23687896,3611087,D,9,ELA,0.5,0.5
152334,24217912,3611088,F,9,ELA,0,0.5
152334,23687523,3611094,D,9,ART,0.5,0.5
152334,24219516,3611195,D,9,ART,0.5,0.5
152334,23685610,3611200,C,9,SCI,0.5,0.5
152334,24219248,3611201,D,9,SCI,0.5,0.5
152334,23687386,3611211,D,9,OTHER,0.5,0.5
152334,23684451,3611216,F,9,SS,0,0.5
152334,24220331,3611218,C,9,SS,0.5,0.5
152334,23686543,3611224,F,9,ART,0,0.5
152334,24219181,3611225,D,9,ART,0.5,0.5
815114,23751402,3615796,B,10,ELA,0.5,0.5
319366,23750606,3615796,B,10,ELA,0.5,0.5
815114,23750924,3615798,C,10,SCI,0.5,0.5
519474,23507030,3617391,D,10,MTH,0.5,0.5
519474,23509587,3617392,B,10,LANG,0.5,0.5
519474,23509350,3626677,C,10,OTHER,0.5,0.5
519474,23509565,3626678,D,10,SCI,0.5,0.5
987506,23641890,3636114,C,10,ELA,0.5,0.5
987506,23643180,3636265,F,10,MTH,0,0.5
987506,23642974,3636267,F,10,SCI,0,0.5
987506,23642118,3636269,B,10,SS,0.5,0.5
987506,23643515,3636273,B,10,PE,0.5,0.5
987506,23643024,3636275,B,10,ART,0.5,0.5
740143,23594911,3636732,A,9,ART,0.5,0.5
319366,23752283,3649468,C,10,SCI,0.5,0.5
306092,23741381,3652675,C,10,LANG,0.5,0.5
319366,23751354,3654613,F,10,OTHER,0,0.5
578701,23734436,3664911,B,10,MTH,0.5,0.5
578701,23735523,3664912,B,10,SCI,0.5,0.5
349393,23644795,3671091,B,10,PE,0.5,0.5
889495,23721108,3672343,A,10,ART,0.5,0.5
889495,24209877,3672344,A,10,OTHER,0.5,0.5
93007,23547712,3676164,B,9,PE,0.5,0.5
93007,24233785,3676166,C,9,OTHER,0.5,0.5
556785,23738976,3676565,D,10,ELA,0.5,0.5
662140,23732490,3676565,F,10,ELA,0,0.5
319366,23752209,3677520,C,10,MTH,0.5,0.5
319366,23750142,3677521,D,10,SS,0.5,0.5
705860,23737631,3681883,B,9,SCI,0.5,0.5
906838,23525669,3686041,D,9,OTHER,0.5,0.5
190387,24204118,3686357,C,9,ELA,0.5,0.5
190387,23499395,3686358,A,9,PE,0.5,0.5
190387,23501504,3686359,B,9,ELA,0.5,0.5
126364,23609383,3689058,A,10,SCI,0.5,0.5
92050,23590727,3690559,D,10,MTH,0.5,0.5
255674,24233952,3691770,A,10,ELA,0.5,0.5
255674,23550850,3691771,A,10,ELA,0.5,0.5
126364,23609561,3694966,C,10,OTHER,1.5,1.5
92050,23590593,3694969,C,10,OTHER,1.5,1.5
167071,23733636,3695248,P,9,OTHER,0.5,0.5
167071,23736569,3695249,C,9,MTH,0.5,0.5
167071,23739353,3695262,D,9,SCI,0.5,0.5
164078,23752622,3699561,F,9,OTHER,0,0.5
815114,23752348,3701915,B,10,SS,0.5,0.5
815114,23751887,3730103,D,10,MTH,0.5,0.5
164078,23752022,3730103,F,9,MTH,0,0.5
164078,23752264,3736730,B,9,OTHER,0.5,0.5
164078,23750977,3736734,F,9,SCI,0,0.5
92050,23591236,3750915,B,10,PE,0.5,0.5
190387,23499430,3759338,C,9,MTH,0.5,0.5
190387,24206024,3759339,C,9,MTH,0.5,0.5
262969,24194191,3766931,F,11,ELA,0,0.5
705860,24192311,3767422,A,9,ELA,0.5,0.5
329231,24190518,3767422,A,9,ELA,0.5,0.5
167071,24190636,3767422,C,9,ELA,0.5,0.5
240541,24196453,3767646,F,10,ELA,0,0.5
662140,24191051,3767682,D,10,ELA,0.5,0.5
556785,24195067,3767682,F,10,ELA,0,0.5
489321,24195936,3768342,F,10,ELA,0,0.5
262969,24194343,3770521,F,11,SCI,0,0.5
705860,24189162,3770709,C,9,SCI,0.5,0.5
167071,24189692,3770808,D,9,SCI,0.5,0.5
329231,24188408,3771186,B,9,SCI,0.5,0.5
489321,24191038,3771297,F,10,SCI,0,0.5
240541,24195414,3771422,F,10,SCI,0,0.5
578701,24188413,3771539,B,10,SCI,0.5,0.5
329231,24195605,3772058,B,9,OTHER,0.5,0.5
556785,24188721,3773592,F,10,SCI,0,0.5
329231,24188377,3774251,A,9,SS,0.5,0.5
705860,24191287,3774483,B,9,SS,0.5,0.5
167071,24189973,3774483,D,9,SS,0.5,0.5
578701,24195489,3775166,A,10,PE,0.5,0.5
240541,24191163,3775563,F,10,MTH,0,0.5
556785,24189709,3775828,C,10,MTH,0.5,0.5
262969,24193877,3777979,D,11,MTH,0.5,0.5
329231,24194776,3778216,B,9,MTH,0.5,0.5
489321,24194902,3778328,F,10,LANG,0,0.5
662140,24195626,3778371,C,10,LANG,0.5,0.5
262969,24195287,3778678,F,11,LANG,0,0.5
240541,24194182,3778792,F,10,LANG,0,0.5
240541,24188946,3779440,F,10,SS,0,0.5
578701,24194811,3779667,A,10,SS,0.5,0.5
556785,24192224,3779683,F,10,SS,0,0.5
662140,24190367,3779736,F,10,SS,0,0.5
489321,24193127,3779787,D,10,SS,0.5,0.5
705860,24193130,3780126,C,9,OTHER,0.5,0.5
167071,24190810,3780126,F,9,OTHER,0,0.5
329231,24189574,3780402,A,9,OTHER,0.5,0.5
167071,24195491,3781083,D,9,MTH,0.5,0.5
705860,24189259,3781189,A,9,MTH,0.5,0.5
240541,23734303,3784104,B,10,SS,0.5,0.5
662140,23738549,3784104,C,10,SS,0.5,0.5
131045,23740418,3786655,A,10,PE,0.5,0.5
578701,24190309,3787191,A,10,LANG,0.5,0.5
705860,24194447,3787191,A,9,ART,0.5,0.5
578701,24189280,3787193,A,10,ELA,0.5,0.5
578701,24190821,3787395,C,10,MTH,0.5,0.5
489321,24195074,3787395,F,10,MTH,0,0.5
262969,24194043,3787616,F,11,SS,0,0.5
489321,24196025,3790590,D,10,PE,0.5,0.5
228721,23748049,3791248,A,10,OTHER,0.5,0.5
240541,24193958,3793055,F,10,PE,0,0.5
556785,24195915,3793057,B,10,LANG,0.5,0.5
556785,24191620,3793058,P,10,OTHER,0.5,0.5
164078,24188207,3795533,C,9,ELA,0.5,0.5
815114,24186461,3795724,D,10,MTH,0.5,0.5
319366,24187938,3797036,B,10,MTH,0.5,0.5
815114,24186401,3797127,A,10,ELA,0.5,0.5
319366,24186275,3797127,C,10,ELA,0.5,0.5
167071,24193292,3800201,P,9,OTHER,0.5,0.5
262969,24192371,3800383,C,11,ART,0.5,0.5
740143,24243594,3801071,A,9,ART,0.5,0.5
871203,24186731,3802349,C,10,PE,0.5,0.5
740143,24244211,3802532,A,9,OTHER,0.5,0.5
131045,24184612,3803051,C,10,ELA,0.5,0.5
306092,24184590,3803058,F,10,ELA,0,0.5
131045,24184717,3803328,C,10,SS,0.5,0.5
306092,24184357,3803334,D,10,SS,0.5,0.5
131045,24183950,3803449,A,10,SCI,0.5,0.5
306092,24184701,3803455,C,10,SCI,0.5,0.5
306092,24184508,3803547,C,10,MTH,0.5,0.5
131045,24185069,3803747,C,10,MTH,0.5,0.5
306092,24184824,3804592,C,10,LANG,0.5,0.5
131045,24185996,3810019,F,10,PE,0,0.5
126364,24240936,3814756,B,10,OTHER,1.5,1.5
92050,24242000,3814903,B,10,OTHER,1.5,1.5
319366,24187013,3815139,F,10,SS,0,0.5
815114,24186463,3815178,B,10,SS,0.5,0.5
936412,24224254,3815270,A,10,ELA,0.5,0.5
936412,24224561,3815271,A,10,SS,0.5,0.5
319366,24188006,3815389,A,10,SCI,0.5,0.5
815114,24186997,3815404,A,10,SCI,0.5,0.5
936412,24224425,3816000,A,10,OTHER,0.5,0.5
131045,24183836,3816382,C,10,LANG,0.5,0.5
306092,24183928,3816415,C,10,ART,0.5,0.5
936412,24224431,3817158,A,10,MTH,0.5,0.5
936412,24224388,3817159,A,10,SCI,0.5,0.5
936412,24224337,3817160,A,10,SCI,0.5,0.5
349393,24237141,3818076,C,10,PE,0.5,0.5
936412,24224447,3818093,A,10,OTHER,0.5,0.5
349393,24237960,3818493,A,10,SS,0.5,0.5
349393,24235736,3818925,B,10,ELA,0.5,0.5
987506,24238499,3819148,C,10,SS,0.5,0.5
349393,24237547,3819439,A,10,SCI,0.5,0.5
987506,24236482,3819573,F,10,MTH,0,0.5
349393,24238304,3819704,D,10,MTH,0.5,0.5
987506,24235781,3820054,F,10,SCI,0,0.5
987506,24238507,3821774,C,10,PE,0.5,0.5
987506,24237879,3822028,D,10,ELA,0.5,0.5
815114,24187043,3823791,C,10,MTH,0.5,0.5
164078,24186209,3823791,D,9,MTH,0.5,0.5
349393,24238137,3825555,F,10,ART,0,0.5
987506,24236213,3825572,A,10,ART,0.5,0.5
815114,24187982,3826805,B,10,OTHER,0.5,0.5
92050,24242701,3827695,C,10,MTH,0.5,0.5
319366,24187606,3827978,D,10,OTHER,0.5,0.5
319366,24188233,3827979,F,10,OTHER,0,0.5
92050,24241345,3829054,A,10,ELA,0.5,0.5
92050,24242138,3829125,B,10,OTHER,0.5,0.5
92050,24242325,3829389,C,10,SCI,0.5,0.5
164078,24188081,3834969,D,9,SCI,0.5,0.5
228721,24198286,3835263,C,10,ELA,0.5,0.5
228721,24198396,3836135,D,10,MTH,0.5,0.5
228721,24198277,3836685,B,10,SS,0.5,0.5
228721,24199018,3838251,C,10,SCI,0.5,0.5
126364,24239744,3840125,B,10,SS,0.5,0.5
126364,24240751,3840163,A,10,ELA,0.5,0.5
519474,24221789,3842813,C,10,MTH,0.5,0.5
519474,24224111,3842814,D,10,OTHER,0.5,0.5
519474,24221265,3842816,A,10,LANG,0.5,0.5
519474,24221843,3842817,B,10,SS,0.5,0.5
164078,24187210,3844945,D,9,SS,0.5,0.5
190387,24205651,3845093,A,9,PE,0.5,0.5
126364,24239825,3845697,A,10,MTH,0.5,0.5
126364,24240064,3845698,C,10,SCI,0.5,0.5
152334,24217822,3846565,F,9,OTHER,0,0.5
906838,24182420,3851836,A,9,ELA,0.5,0.5
906838,24183203,3851837,C,9,MTH,0.5,0.5
906838,24183427,3851838,A,9,SCI,0.5,0.5
906838,24183513,3851839,D,9,OTHER,0.5,0.5
906838,24183450,3851840,C,9,SS,0.5,0.5
228721,24198257,3853656,D,10,LANG,0.5,0.5
93007,24234702,3855370,C,9,SCI,0.5,0.5
228721,24198897,3857661,A,10,ART,0.5,0.5
190387,24203767,3861719,P,9,OTHER,0.5,0.5
871203,24186750,3874947,B,10,OTHER,0.5,0.5
519474,24223584,3881111,C,10,SCI,0.5,0.5
662140,24190334,3894272,F,10,ART,0,0.5
662140,24194335,3894273,F,10,MTH,0,0.5
662140,24190701,3894274,F,10,SCI,0,0.5
164078,24186727,3906446,A,9,OTHER,0.5,0.5
164078,24187404,3906447,P,9,OTHER,0.5,0.5
889495,25327459,3956893,A,11,SS,0.5,0.5
889495,25331112,3956894,B,11,OTHER,0.5,0.5
889495,25329995,3956895,A,11,LANG,0.5,0.5
889495,25319579,3956896,A,11,MTH,0.5,0.5
889495,25890690,3957556,A,11,SS,0.5,0.5
889495,25891570,3957557,A,11,OTHER,0.5,0.5
889495,25896316,3957558,A,11,LANG,0.5,0.5
889495,25885783,3957559,A,11,MTH,0.5,0.5
621001,25327181,3964501,B,11,OTHER,0.5,0.5
621001,25330378,3964503,B,11,ELA,0.5,0.5
621001,25329242,3964504,C,11,SS,0.5,0.5
621001,25330382,3964505,C,11,LANG,0.5,0.5
621001,25890643,3964506,A,11,LANG,0.5,0.5
621001,25894684,3964507,C,11,MTH,0.5,0.5
621001,25885377,3964508,B,11,SCI,0.5,0.5
413254,25319783,3964628,C,10,OTHER,0.5,0.5
413254,25886802,3964682,C,10,OTHER,0.5,0.5
413254,25892247,3964685,C,10,SS,0.5,0.5
413254,25324807,3964686,D,10,SS,0.5,0.5
413254,25322146,3964687,D,10,LANG,0.5,0.5
413254,25889237,3964688,A,10,LANG,0.5,0.5
413254,25328571,3964689,B,10,MTH,0.5,0.5
413254,25886459,3964690,D,10,MTH,0.5,0.5
413254,25327872,3964691,C,10,SCI,0.5,0.5
413254,25890828,3964692,B,10,SCI,0.5,0.5
621001,25892785,3969743,B,11,OTHER,0.5,0.5
621001,25891371,3969745,C,11,ELA,0.5,0.5
621001,25896128,3969746,B,11,SS,0.5,0.5
621001,25331547,3969747,C,11,MTH,0.5,0.5
621001,25319090,3969748,C,11,SCI,0.5,0.5
936412,25289446,3992338,A,11,ELA,0.5,0.5
936412,25289313,3992339,B,11,OTHER,0.5,0.5
936412,25289376,3992340,A,11,SCI,0.5,0.5
936412,25289697,3992344,C,11,MTH,0.5,0.5
413254,25327546,3996494,C,10,ELA,0.5,0.5
413254,25892284,3996495,B,10,ELA,0.5,0.5
815114,25392926,3997078,B,11,ELA,0.5,0.5
319366,25390944,3997078,C,10,ELA,0.5,0.5
815114,25912662,3997103,A,11,ELA,0.5,0.5
319366,25912033,3997103,C,10,ELA,0.5,0.5
167071,25402566,3998142,F,10,MTH,0,0.5
167071,25406752,3998143,D,10,ELA,0.5,0.5
815114,25392813,4006269,A,11,SS,0.5,0.5
319366,25390840,4006269,C,10,SS,0.5,0.5
815114,25913526,4006291,A,11,SS,0.5,0.5
319366,25913765,4006291,A,10,SS,0.5,0.5
815114,25390838,4007857,B,11,MTH,0.5,0.5
815114,25911938,4007858,B,11,MTH,0.5,0.5
815114,25392314,4007864,B,11,SCI,0.5,0.5
815114,25912860,4007865,A,11,SCI,0.5,0.5
987506,25383481,4028519,F,10,LANG,0,0.5
987506,25385534,4028520,D,10,SCI,0.5,0.5
987506,25385776,4028524,C,10,SS,0.5,0.5
349393,25383762,4118662,A,11,MTH,0.5,0.5
349393,25383307,4118664,A,11,SS,0.5,0.5
349393,25384158,4118666,A,11,SCI,0.5,0.5
578701,25398664,4126325,A,11,SCI,0.5,0.5
578701,25405698,4126326,C,11,MTH,0.5,0.5
329231,25406187,4127192,B,10,PE,0.5,0.5
329231,25404438,4127193,B,10,MTH,0.5,0.5
705860,25405447,4127196,A,10,ELA,0.5,0.5
329231,25398997,4127196,B,10,ELA,0.5,0.5
329231,25396583,4127200,B,10,SS,0.5,0.5
329231,25406542,4127201,B,10,SCI,0.5,0.5
228721,25344240,4136274,D,11,ELA,0.5,0.5
228721,25343166,4136307,B,11,MTH,0.5,0.5
228721,25343458,4140677,C,11,LANG,0.5,0.5
228721,25342752,4142135,B,11,SS,0.5,0.5
228721,25342786,4181641,C,11,SCI,0.5,0.5
255674,25234088,4205252,C,11,OTHER,0.5,0.5
255674,25928627,4205253,B,11,OTHER,0.5,0.5
255674,25231587,4205254,A,11,ELA,0.5,0.5
255674,25927104,4205255,A,11,ELA,0.5,0.5
255674,25236388,4205256,A,11,SS,0.5,0.5
255674,25927750,4205257,B,11,SS,0.5,0.5
578701,25406773,4215690,A,11,OTHER,0.5,0.5
578701,25400637,4215691,B,11,ELA,0.5,0.5
578701,25404803,4215693,A,11,SS,0.5,0.5
578701,25403559,4215694,A,11,LANG,0.5,0.5
93007,25236268,4231418,C,10,MTH,0.5,0.5
93007,25234787,4231419,D,10,LANG,0.5,0.5
93007,25234315,4231420,C,10,ELA,0.5,0.5
93007,25233098,4231422,D,10,SS,0.5,0.5
93007,25926805,4231429,B,10,SCI,0.5,0.5
93007,25234198,4231431,A,10,OTHER,0.5,0.5
93007,25233972,4231432,C,10,SCI,0.5,0.5
93007,25928401,4231433,C,10,SS,0.5,0.5
93007,25927536,4231434,F,10,ELA,0,0.5
93007,25925324,4231435,C,10,LANG,0.5,0.5
93007,25925266,4231436,C,10,MTH,0.5,0.5
93007,25925267,4231438,A,10,OTHER,0.5,0.5
662140,25403315,4292555,F,10,ELA,0,0.5
871203,25391445,4309183,B,11,OTHER,0.5,0.5
190387,25177836,4315918,A,10,ART,0.5,0.5
190387,25878363,4315919,C,10,ART,0.5,0.5
190387,25177572,4315935,B,10,ART,0.5,0.5
190387,25878318,4315937,B,10,ART,0.5,0.5
190387,25178907,4315939,B,10,ART,0.5,0.5
190387,25879349,4315940,A,10,ART,0.5,0.5
190387,25178439,4315943,F,10,ELA,0,0.5
190387,25877757,4315944,F,10,ELA,0,0.5
190387,25877533,4316011,D,10,MTH,0.5,0.5
190387,25179075,4316033,C,10,SCI,0.5,0.5
190387,25878458,4316034,C,10,SCI,0.5,0.5
190387,25178149,4316038,F,10,SS,0,0.5
190387,25877490,4316039,F,10,SS,0,0.5
190387,25178914,4316040,D,10,OTHER,0.5,0.5
936412,25289591,4317428,A,11,LANG,0.5,0.5
519474,25191655,4338307,C,11,SCI,0.5,0.5
519474,25931490,4338308,C,11,SCI,0.5,0.5
519474,25193776,4338309,B,11,MTH,0.5,0.5
519474,25933177,4338310,B,11,MTH,0.5,0.5
519474,25193708,4338662,B,11,SS,0.5,0.5
519474,25933351,4338663,C,11,SS,0.5,0.5
519474,25192179,4338667,B,11,LANG,0.5,0.5
519474,25930700,4338668,A,11,LANG,0.5,0.5
519474,25193320,4338880,B,11,ELA,0.5,0.5
519474,25933629,4338881,C,11,ELA,0.5,0.5
519474,25192413,4338884,B,11,OTHER,0.5,0.5
519474,25931923,4338911,B,11,OTHER,0.5,0.5
783135,25272925,4363541,D,9,SCI,0.5,0.5
783135,25274162,4363634,D,9,SS,0.5,0.5
783135,25273150,4363814,D,9,ELA,0.5,0.5
783135,25273682,4363856,C,9,MTH,0.5,0.5
164078,25392927,4369636,F,9,SS,0,0.5
164078,25390957,4369638,F,9,MTH,0,0.5
164078,25392034,4369642,D,9,ELA,0.5,0.5
164078,25391884,4369645,B,9,SCI,0.5,0.5
164078,25390673,4369647,D,9,MTH,0.5,0.5
164078,25478825,4369650,D,9,SCI,0.5,0.5
783135,25274373,4375260,B,9,ART,0.5,0.5
783135,25273233,4377913,A,9,OTHER,0.5,0.5
92050,25268825,4378273,B,11,ELA,0.5,0.5
92050,25269772,4378295,D,11,MTH,0.5,0.5
92050,25269578,4378298,C,11,LANG,0.5,0.5
131045,25434919,4383545,D,11,SS,0.5,0.5
131045,25434508,4383546,A,11,ELA,0.5,0.5
131045,25433654,4383547,C,11,MTH,0.5,0.5
131045,25434832,4383548,D,11,SCI,0.5,0.5
131045,25433825,4383549,B,11,LANG,0.5,0.5
889495,25325883,4384145,C,11,ELA,0.5,0.5
889495,25894666,4384148,C,11,ELA,0.5,0.5
306092,25433509,4385104,C,11,SCI,0.5,0.5
306092,25434498,4385105,A,11,LANG,0.5,0.5
306092,25434911,4385106,C,11,SS,0.5,0.5
306092,25435282,4385107,C,11,ELA,0.5,0.5
306092,25435297,4385110,D,11,MTH,0.5,0.5
319366,26281285,4386854,B,10,MTH,0.5,0.5
319366,24907446,4386855,B,10,SS,0.5,0.5
567785,25360434,4389584,C,9,SCI,0.5,0.5
567785,25898656,4389612,D,9,SCI,0.5,0.5
567785,25361296,4389640,B,9,OTHER,0.5,0.5
567785,25898879,4389668,D,9,OTHER,0.5,0.5
567785,25359347,4389752,C,9,PE,0.5,0.5
567785,25898318,4389780,B,9,PE,0.5,0.5
567785,25359026,4389808,B,9,MTH,0.5,0.5
567785,25897849,4389836,A,9,MTH,0.5,0.5
567785,25360428,4389864,A,9,SS,0.5,0.5
567785,25899224,4389892,B,9,SS,0.5,0.5
190387,25177351,4394488,D,10,MTH,0.5,0.5
906838,25424439,4397847,B,10,ELA,0.5,0.5
906838,25424275,4398135,C,10,SCI,0.5,0.5
906838,25424190,4398280,C,10,MTH,0.5,0.5
906838,25424547,4398829,C,10,ART,0.5,0.5
740143,25274562,4406486,A,9,ART,0.5,0.5
815114,25393070,4408225,B,11,LANG,0.5,0.5
167071,25397095,4420236,C,10,SS,0.5,0.5
167071,25397886,4420239,C,10,ART,0.5,0.5
152334,25361228,4423481,C,10,ELA,0.5,0.5
152334,25897800,4423516,D,10,ELA,0.5,0.5
152334,25361479,4423551,C,10,MTH,0.5,0.5
152334,25896873,4423586,B,10,MTH,0.5,0.5
152334,25358636,4423621,D,10,SCI,0.5,0.5
152334,25897420,4423656,D,10,SCI,0.5,0.5
152334,25898156,4423726,B,10,SS,0.5,0.5
152334,25358506,4423761,B,10,SS,0.5,0.5
152334,25357862,4423866,D,10,LANG,0.5,0.5
152334,25898926,4423901,D,10,LANG,0.5,0.5
152334,25357932,4424006,C,10,ART,0.5,0.5
152334,25899502,4424041,D,10,ART,0.5,0.5
126364,25294714,4443001,B,11,SS,0.5,0.5
126364,25296654,4443003,D,11,MTH,0.5,0.5
126364,25296341,4443004,C,11,ELA,0.5,0.5
138542,25270088,4443631,A,9,OTHER,0.5,0.5
138542,25270178,4443633,A,9,PE,0.5,0.5
906838,25424086,4445339,P,10,OTHER,0.5,0.5
871203,25392394,4445514,A,11,PE,0.5,0.5
740143,25274890,4445957,A,9,OTHER,0.5,0.5
489650,25234254,4449432,F,10,MTH,0,0.5
489650,25236461,4449433,A,10,PE,0.5,0.5
489650,25232493,4449434,F,10,ELA,0,0.5
489650,25234255,4449437,F,10,SCI,0,0.5
489650,25234661,4449438,D,10,SS,0.5,0.5
489650,25925132,4449447,F,10,MTH,0,0.5
489650,25927055,4449450,F,10,SS,0,0.5
662140,25401510,4450599,F,10,ART,0,0.5
662140,25398624,4450661,D,10,SCI,0.5,0.5
662140,25401511,4450665,F,10,SS,0,0.5
92050,25269360,4456766,A,11,SS,0.5,0.5
567785,25361857,4473017,A,9,OTHER,0.5,0.5
567785,25358044,4473019,B,9,ELA,0.5,0.5
567785,25899018,4473021,C,9,ELA,0.5,0.5
567785,25898644,4473024,A,9,OTHER,0.5,0.5
473448,25227356,4484941,A,9,PE,0.5,0.5
662140,25397807,4490172,D,10,MTH,0.5,0.5
889495,25323043,4492220,B,11,SCI,0.5,0.5
889495,25886577,4492221,A,11,SCI,0.5,0.5
131348,25186878,4497851,B,11,SCI,0.5,0.5
131348,25181519,4497854,D,11,MTH,0.5,0.5
131348,25182369,4497857,B,11,ELA,0.5,0.5
131348,25181776,4497967,B,11,SS,0.5,0.5
131348,25186516,4497968,C,11,OTHER,0.5,0.5
131348,25184970,4497969,B,11,LANG,0.5,0.5
131348,25185698,4497970,C,11,ART,0.5,0.5
489321,24896249,4498374,B,11,MTH,0.5,0.5
262969,24896189,4498374,B,12,MTH,0.5,0.5
489321,24896336,4498377,A,11,LANG,0.5,0.5
262969,24896479,4498377,A,12,LANG,0.5,0.5
152334,25357779,4502711,C,10,MTH,0.5,0.5
152334,25898687,4502712,D,10,MTH,0.5,0.5
92050,25268804,4517373,B,11,ART,1.5,1.5
936412,25289255,4520717,A,11,OTHER,0.5,0.5
126364,25295414,4523453,B,11,ART,0.5,0.5
126364,25295967,4523454,B,11,SCI,0.5,0.5
126364,25295039,4523455,C,11,PE,0.5,0.5
815114,25391236,4530604,A,11,ART,0.5,0.5
255674,25234001,4533774,A,11,OTHER,1.5,1.5
262969,24896522,4538994,B,12,SS,0.5,0.5
329231,25398460,4539266,A,10,OTHER,0.5,0.5
158592,24895524,4572241,F,10,MTH,0,0.5
158592,24895182,4572242,F,10,LANG,0,0.5
158592,24895883,4572243,D,10,PE,0.5,0.5
158592,24894550,4572246,A,10,SS,0.5,0.5
158592,24895738,4572247,B,10,ELA,0.5,0.5
158592,24894510,4572250,C,10,ELA,0.5,0.5
705860,25405965,4574522,A,10,MTH,0.5,0.5
705860,25406485,4574526,C,10,SCI,0.5,0.5
167071,25402543,4574526,F,10,SCI,0,0.5
319366,25391449,4574797,C,10,LANG,1.5,1.5
167071,25405817,4588400,P,10,OTHER,0.5,0.5
349393,25385672,4600180,B,11,ELA,0.5,0.5
349393,25385913,4600181,C,11,LANG,0.5,0.5
987506,25385260,4611301,F,10,ELA,0,0.5
987506,25385072,4611302,F,10,MTH,0,0.5
705860,25400998,4612441,B,10,OTHER,1.5,1.5
489650,25926574,4621475,F,10,ART,0,0.5
489650,25234125,4621476,F,10,ART,0,0.5
319366,25392432,4621940,A,10,MTH,0.5,0.5
556785,25398424,4623470,F,10,ELA,0,0.5
556785,25398584,4623471,D,10,SCI,0.5,0.5
556785,25403730,4623472,C,10,LANG,0.5,0.5
556785,25405143,4623473,C,10,SS,0.5,0.5
556785,25400496,4623474,P,10,OTHER,0.5,0.5
152334,25751822,4632105,B,10,SS,0.5,0.5
936412,25289284,4639669,A,11,SS,0.5,0.5
116,25233984,4676858,A,9,OTHER,0.5,0.5
116,25235522,4676859,A,9,SS,0.5,0.5
116,25232639,4676860,B,9,ART,0.5,0.5
116,25231549,4677012,A,9,ELA,0.5,0.5
116,25236442,4677013,D,9,SCI,0.5,0.5
116,25236350,4677014,C,9,MTH,0.5,0.5
262969,25442646,4682068,F,12,PE,0,0.5
489321,25442575,4684882,C,11,LANG,0.5,0.5
262969,25442631,4684882,C,12,LANG,0.5,0.5
489321,25442447,4684884,F,11,MTH,0,0.5
158592,25442948,4685557,F,10,MTH,0,0.5
158592,25443777,4685560,C,10,SCI,0.5,0.5
158592,25442870,4685911,F,10,SS,0,0.5
158592,25444161,4685912,D,10,SCI,0.5,0.5
158592,25444011,4685913,F,10,SCI,0,0.5
158592,25443350,4685914,F,10,MTH,0,0.5
987506,25384072,4686324,B,10,OTHER,0.5,0.5
349393,25383234,4686344,A,11,OTHER,0.5,0.5
116,25926161,4691894,C,9,MTH,0.5,0.5
116,25927030,4691895,B,9,SCI,0.5,0.5
116,25927910,4691897,C,9,ELA,0.5,0.5
116,25928562,4691898,F,9,ART,0,0.5
556785,25401953,4694226,C,10,MTH,0.5,0.5
240541,25400072,4694226,D,11,MTH,0.5,0.5
240541,25397189,4694227,B,11,SS,0.5,0.5
240541,25404260,4694229,B,11,ELA,0.5,0.5
228721,25343018,4696732,A,11,ART,0.5,0.5
306092,25434139,4703358,A,11,OTHER,0.5,0.5
131045,25436115,4703358,A,11,OTHER,0.5,0.5
164078,25390556,4704068,A,9,OTHER,0.5,0.5
164078,25913729,4704068,A,9,OTHER,0.5,0.5
131045,25434393,4707322,A,11,ART,0.5,0.5
556785,25869884,4723579,C,10,ELA,0.5,0.5
705860,25875890,4723716,A,10,SCI,0.5,0.5
167071,25875338,4723716,F,10,SCI,0,0.5
578701,25869249,4723771,B,11,SS,0.5,0.5
556785,25873175,4724042,F,10,SS,0,0.5
578701,25870907,4724335,B,11,ELA,0.5,0.5
131045,25920835,4728934,B,11,LANG,0.5,0.5
306092,25921928,4728940,B,11,LANG,0.5,0.5
578701,25874169,4730394,A,11,OTHER,0.5,0.5
167071,25876508,4730957,D,10,ELA,0.5,0.5
705860,25872799,4731075,A,10,ELA,0.5,0.5
329231,25875737,4731075,B,10,ELA,0.5,0.5
473448,25882461,4731609,A,9,PE,0.5,0.5
306092,25920831,4733634,D,11,SS,0.5,0.5
131045,25920825,4733773,A,11,ELA,0.5,0.5
306092,25922184,4733803,A,11,ELA,0.5,0.5
131045,25921887,4733873,C,11,SCI,0.5,0.5
306092,25921566,4733873,D,11,SCI,0.5,0.5
167071,25875185,4734217,F,10,MTH,0,0.5
306092,25922191,4734428,D,11,MTH,0.5,0.5
329231,25873399,4734600,A,10,MTH,0.5,0.5
131045,25920210,4734630,C,11,MTH,0.5,0.5
329231,25873401,4734828,A,10,SS,0.5,0.5
167071,25875093,4735578,C,10,SS,0.5,0.5
578701,25873058,4735966,A,11,LANG,0.5,0.5
556785,25876826,4736119,F,10,LANG,0,0.5
92050,25924085,4738791,A,11,SS,0.5,0.5
131045,25920596,4740047,B,11,OTHER,0.5,0.5
131045,25920528,4740048,F,11,SS,0,0.5
92050,25924103,4740744,A,11,ELA,0.5,0.5
92050,25923056,4741149,C,11,MTH,0.5,0.5
138542,25924424,4741820,F,9,PE,0,0.5
92050,25923675,4742331,C,11,LANG,0.5,0.5
349393,25909084,4743467,B,11,MTH,0.5,0.5
987506,25911539,4743885,F,10,SCI,0,0.5
349393,25911141,4743956,A,11,SCI,0.5,0.5
987506,25910974,4744178,D,10,SS,0.5,0.5
987506,25911102,4744245,C,10,OTHER,0.5,0.5
349393,25909798,4744257,A,11,OTHER,0.5,0.5
936412,25884780,4744593,A,11,ELA,0.5,0.5
936412,25884788,4744594,A,11,SS,0.5,0.5
936412,25884998,4744596,A,11,SCI,0.5,0.5
936412,25885040,4744598,B,11,MTH,0.5,0.5
936412,25884823,4744600,A,11,OTHER,0.5,0.5
936412,25884848,4744601,A,11,LANG,0.5,0.5
987506,25909847,4745021,F,10,ELA,0,0.5
349393,25910602,4745287,A,11,SS,0.5,0.5
987506,25911438,4745468,F,10,MTH,0,0.5
987506,25911295,4745787,F,10,LANG,0,0.5
349393,25909248,4745855,D,11,LANG,0.5,0.5
349393,25909721,4748029,B,11,ELA,0.5,0.5
578701,25872547,4751028,A,11,SCI,0.5,0.5
578701,25870814,4751029,D,11,MTH,0.5,0.5
705860,25875977,4752967,A,10,MTH,0.5,0.5
167071,25871677,4755141,D,10,ART,0.5,0.5
228721,25907938,4755744,D,11,ELA,0.5,0.5
228721,25907388,4755895,A,11,SS,0.5,0.5
228721,25908289,4756398,B,11,SCI,0.5,0.5
783135,25918968,4759747,C,9,ELA,0.5,0.5
783135,25919525,4761741,C,9,SS,0.5,0.5
783135,25918099,4762424,B,9,SCI,0.5,0.5
783135,25918911,4762820,C,9,ART,0.5,0.5
740143,25918475,4763456,A,10,OTHER,0.5,0.5
167071,25872613,4767538,P,10,OTHER,0.5,0.5
329231,25871150,4767642,A,10,PE,0.5,0.5
329231,25869197,4767643,A,10,OTHER,0.5,0.5
329231,25874647,4767644,B,10,SCI,0.5,0.5
131348,25863100,4768555,C,11,ELA,0.5,0.5
131348,25866205,4769322,F,11,SCI,0,0.5
228721,25908462,4770008,D,11,LANG,0.5,0.5
131348,25867212,4770156,C,11,SS,0.5,0.5
126364,25914995,4771032,F,11,MTH,0,0.5
131348,25863743,4771067,C,11,OTHER,0.5,0.5
131348,25865037,4771371,C,11,ART,0.5,0.5
126364,25914334,4772227,D,11,ELA,0.5,0.5
164078,25911992,4773541,F,9,SS,0,0.5
164078,25913542,4773542,F,9,MTH,0,0.5
164078,25912963,4773543,F,9,ELA,0,0.5
164078,25914009,4773544,B,9,SCI,0.5,0.5
164078,25912817,4773545,D,9,MTH,0.5,0.5
319366,25911773,4773629,A,10,MTH,0.5,0.5
126364,25914513,4774403,B,11,SS,0.5,0.5
126364,25915553,4774857,C,11,SCI,0.5,0.5
815114,25913682,4776374,A,11,LANG,0.5,0.5
871203,25911739,4777180,B,11,OTHER,0.5,0.5
556785,25870480,4777367,P,10,OTHER,0.5,0.5
556785,25875024,4777368,F,10,MTH,0,0.5
556785,25876544,4777371,F,10,SCI,0,0.5
126364,25915031,4777434,B,11,ART,0.5,0.5
126364,25914180,4777439,A,11,PE,0.5,0.5
158592,25749206,4780923,F,10,PE,0,0.5
158592,25749650,4780924,F,10,ELA,0,0.5
158592,25750303,4780925,D,10,ART,0.5,0.5
158592,25749438,4780926,D,10,SCI,0.5,0.5
158592,25749501,4780928,F,10,MTH,0,0.5
158592,25749478,4780929,C,10,MTH,0.5,0.5
489321,25480928,4781076,C,11,ELA,0.5,0.5
489321,25748570,4781077,F,11,MTH,0,0.5
489321,25748762,4781078,F,11,LANG,0,0.5
92050,25923738,4781611,B,11,LANG,1.5,1.5
705860,25874520,4781991,A,10,OTHER,1.5,1.5
255674,25925989,4782095,A,11,OTHER,1.5,1.5
319366,25913582,4782128,B,10,SCI,1.5,1.5
190387,25878818,4782328,D,10,OTHER,0.5,0.5
131348,25865159,4785964,D,11,MTH,0.5,0.5
131348,25863385,4785966,C,11,LANG,0.5,0.5
228721,25907978,4788186,A,11,MTH,0.5,0.5
906838,25929859,4789006,C,10,SS,0.5,0.5
228721,25908244,4789277,C,11,ART,0.5,0.5
906838,25929392,4789693,D,10,SCI,0.5,0.5
906838,25929870,4789888,B,10,ELA,0.5,0.5
740143,25918421,4790500,A,10,ART,0.5,0.5
906838,25929411,4790612,D,10,ART,0.5,0.5
906838,25929683,4790864,P,10,OTHER,0.5,0.5
936412,25885054,4794295,A,11,OTHER,0.5,0.5
906838,25929128,4796506,C,10,MTH,0.5,0.5
116,25927800,4796578,C,9,SS,0.5,0.5
116,25927729,4796579,B,9,OTHER,0.5,0.5
262969,25748810,4803842,F,12,PE,0,0.5
262969,25748522,4803843,D,12,SS,0.5,0.5
871203,25913144,4808290,B,11,PE,0.5,0.5
164078,25789276,4814197,C,9,SS,0.5,0.5
783135,25919977,4816435,A,9,MTH,0.5,0.5
783135,25919297,4816436,B,9,ART,0.5,0.5
662140,25748711,4817336,F,11,SS,0,0.5
662140,25748662,4817337,D,11,SCI,0.5,0.5
489650,25927798,4820209,F,10,SCI,0,0.5
489650,25926394,4820262,F,10,ELA,0,0.5
158592,26282923,4842702,F,10,MTH,0,0.5
158592,26282453,4842703,B,10,SS,0.5,0.5
158592,26282573,4842704,F,10,SS,0,0.5
158592,26282342,4842705,F,10,MTH,0,0.5
158592,26282745,4842706,D,10,ELA,0.5,0.5
262969,25788537,4845143,F,12,SS,0,0.5
489321,26283168,4845572,F,11,SCI,0,0.5
489321,26283116,4845573,F,11,SS,0,0.5
662140,26283057,4845627,F,11,MTH,0,0.5
662140,26283035,4845628,F,11,SS,0,0.5
662140,26283068,4845629,F,11,SCI,0,0.5
815114,25911943,4846204,A,11,ART,0.5,0.5
158592,26282746,4850263,D,10,ELA,0.5,0.5
138542,25923576,4857568,A,9,PE,0.5,0.5
152334,26281785,4857945,C,10,ELA,0.5,0.5
262969,25788542,4860086,F,12,SCI,0,0.5
164078,26281999,4902901,F,9,OTHER,0,0.5
158592,26581826,5197064,B,11,MTH,0.5,0.5
158592,26581328,5197065,B,11,MTH,0.5,0.5
158592,26582028,5197066,D,11,MTH,0.5,0.5
158592,26582007,5197067,A,11,SS,0.5,0.5
158592,26581988,5197069,B,11,ELA,0.5,0.5
131045,26583060,5229660,B,12,SS,0.5,0.5
306092,26586965,5234718,B,12,MTH,0.5,0.5
262969,26580550,5308643,B,12,PE,0.5,0.5
262969,26580299,5308645,D,12,SS,0.5,0.5
262969,26580399,5310482,A,12,LANG,0.5,0.5
489321,26580504,5310482,F,12,LANG,0,0.5
489321,26580635,5310486,F,12,SS,0,0.5
613172,26584436,5543943,A,12,SCI,0.5,0.5
662140,26580579,5551040,C,12,LANG,0.5,0.5
662140,26580521,5551041,D,12,MTH,0.5,0.5
240541,26580589,5560328,C,12,LANG,0.5,0.5
240541,26580683,5560332,D,12,MTH,0.5,0.5
126364,26587424,5589673,A,12,MTH,0.5,0.5
164078,26586789,5650022,B,10,SS,0.5,0.5
613172,26584693,5654781,A,12,SCI,0.5,0.5
272762,26584434,5683584,A,12,SCI,0.5,0.5
272762,26584435,5683586,A,12,MTH,0.5,0.5
272762,26584433,5683587,A,12,SCI,0.5,0.5
262969,26584749,5707045,B,12,MTH,0.5,0.5
662140,26586530,5733899,A,12,MTH,0.5,0.5
240541,26583769,5733899,B,12,MTH,0.5,0.5
306092,5373351,,A,6,PE,0.5,0.5
306092,5373352,,A,6,PE,0.5,0.5
255674,25751035,,A,11,LANG,0.5,0.5
662140,26585997,,A,12,ART,0.5,0.5
662140,26309348,,A,12,ELA,0.5,0.5
662140,26310549,,A,12,ELA,0.5,0.5
662140,26310868,,A,12,ELA,0.5,0.5
662140,26587470,,A,12,ELA,0.5,0.5
662140,26582958,,A,12,MTH,0.5,0.5
662140,26587638,,A,12,MTH,0.5,0.5
662140,26585497,,A,12,MTH,0.5,0.5
662140,26586518,,A,12,PE,0.5,0.5
662140,26309796,,A,12,SCI,0.5,0.5
662140,26304313,,A,12,SCI,0.5,0.5
987506,24896844,,A,9,PE,0.5,0.5
987506,24896845,,A,9,PE,0.5,0.5
489321,25753428,,A,11,ELA,0.5,0.5
240541,26585647,,A,12,ELA,0.5,0.5
240541,26585994,,A,12,MTH,0.5,0.5
240541,26587091,,A,12,SCI,0.5,0.5
262969,25753749,,A,12,ELA,0.5,0.5
262969,26310566,,A,12,ELA,0.5,0.5
917922,26587619,,A,12,ELA,0.5,0.5
917922,26307497,,A,12,MTH,0.5,0.5
917922,26307496,,A,12,MTH,0.5,0.5
272762,26586637,,A,9,PE,0.5,0.5
272762,26586646,,A,9,SS,0.5,0.5
272762,26586647,,A,9,SS,0.5,0.5
272762,26586662,,A,10,LANG,0.5,0.5
272762,26586669,,A,11,ELA,0.5,0.5
262969,23792307,,A,11,SS,0.5,0.5
262969,25753590,,A,12,SCI,0.5,0.5
255674,25751036,,B,11,LANG,0.5,0.5
319366,26582892,,B,11,SS,0.5,0.5
158592,26582910,,B,12,SS,0.5,0.5
662140,26311507,,B,12,ART,0.5,0.5
662140,26308389,,B,12,ELA,0.5,0.5
662140,26310116,,B,12,ELA,0.5,0.5
662140,26310565,,B,12,SS,0.5,0.5
131348,24619233,,B,9,ELA,0.5,0.5
131348,24619425,,B,10,ELA,0.5,0.5
987506,25789635,,B,10,MTH,0.5,0.5
158592,26582664,,B,11,MTH,0.5,0.5
489321,26303123,,B,12,ELA,0.5,0.5
489321,26587122,,B,12,ELA,0.5,0.5
489321,25753748,,B,11,SCI,0.5,0.5
489321,24907635,,B,12,SCI,0.5,0.5
240541,26311259,,B,12,SS,0.5,0.5
240541,25468268,,B,11,SS,0.5,0.5
240541,26310816,,B,12,PE,0.5,0.5
272762,26586634,,B,9,ELA,0.5,0.5
272762,26586658,,B,10,MTH,0.5,0.5
272762,26586636,,B,9,ELA,0.5,0.5
272762,26586652,,B,10,SS,0.5,0.5
272762,26586668,,B,11,ELA,0.5,0.5
556785,26586447,,B,12,ELA,0.5,0.5
349393,19664483,,C,9,OTHER,0.5,0.5
158592,26583485,,C,12,ELA,0.5,0.5
131348,24619228,,C,9,ART,0.5,0.5
131348,24619426,,C,10,ELA,0.5,0.5
489321,26587121,,C,12,MTH,0.5,0.5
240541,26583593,,C,12,ELA,0.5,0.5
917922,26303980,,C,11,LANG,0.5,0.5
917922,26303973,,C,11,ELA,0.5,0.5
917922,26303974,,C,11,MTH,0.5,0.5
917922,26303978,,C,11,OTHER,0.5,0.5
917922,26303979,,C,11,SS,0.5,0.5
917922,26579969,,C,10,ART,0.5,0.5
272762,26586665,,C,9,MTH,0.5,0.5
272762,26586651,,C,10,SS,0.5,0.5
272762,26586666,,C,11,MTH,0.5,0.5
272762,26586676,,C,11,LANG,0.5,0.5
272762,26586678,,C,11,SS,0.5,0.5
272762,26586642,,C,9,PE,0.5,0.5
272762,26586677,,C,11,LANG,0.5,0.5
489650,24065020,,D,10,SS,1,1
131348,24619226,,D,9,MTH,0.5,0.5
131348,24619234,,D,9,ELA,0.5,0.5
131348,24619238,,D,9,SS,0.5,0.5
131348,24619423,,D,10,SCI,0.5,0.5
131348,24619424,,D,10,SCI,0.5,0.5
131348,24619428,,D,10,MTH,0.5,0.5
131348,24619433,,D,10,SS,0.5,0.5
917922,26303976,,D,11,SS,0.5,0.5
272762,26586648,,D,10,SCI,0.5,0.5
272762,26586656,,D,10,ELA,0.5,0.5
272762,26586672,,D,11,ART,0.5,0.5
272762,26586674,,D,11,SCI,0.5,0.5
272762,26586631,,D,9,MTH,0.5,0.5
272762,26586661,,D,10,ART,0.5,0.5
272762,26586667,,D,11,MTH,0.5,0.5
272762,26586671,,D,11,ELA,0.5,0.5
272762,26586675,,D,11,SCI,0.5,0.5
272762,26586679,,D,11,SS,0.5,0.5
556785,26580123,,D,12,ELA,0.5,0.5
906838,25424301,,D,10,SS,0.5,0.5
349393,19666778,,F,9,ELA,0,0.5
349393,19666345,,F,9,OTHER,0,0.5
349393,19664482,,F,9,SS,0,0.5
349393,19665891,,F,9,MTH,0,0.5
349393,19666779,,F,9,SCI,0,0.5
131348,24619225,,F,9,MTH,0,0.5
131348,24619227,,F,9,ART,0,0.5
131348,24619229,,F,9,SCI,0,0.5
131348,24619235,,F,9,OTHER,0,0.5
131348,24619237,,F,9,SS,0,0.5
131348,24619230,,F,9,SCI,0,0.5
131348,24619236,,F,9,OTHER,0,0.5
131348,24619427,,F,10,MTH,0,0.5
131348,24619430,,F,10,OTHER,0,0.5
131348,24619422,,F,10,OTHER,0,0.5
131348,24619429,,F,10,PE,0,0.5
131348,24619431,,F,10,PE,0,0.5
131348,24619432,,F,10,SS,0,0.5
987506,24896851,,F,9,SCI,0,0.5
987506,24896850,,F,9,SCI,0,0.5
987506,24896852,,F,9,SS,0,0.5
987506,24896854,,F,9,OTHER,0,0.5
987506,24896846,,F,9,ELA,0,0.5
987506,24896848,,F,9,MTH,0,0.5
987506,24896853,,F,9,SS,0,0.5
987506,24896855,,F,9,OTHER,0,0.5
987506,24896856,,F,9,PE,0,0.5
987506,24896847,,F,9,ELA,0,0.5
987506,24896849,,F,9,MTH,0,0.5
917922,26303975,,F,11,SCI,0,0.5
272762,26586633,,F,9,ELA,0,0.5
272762,26586638,,F,9,ART,0,0.5
272762,26586644,,F,9,SS,0,0.5
272762,26586640,,F,9,OTHER,0,0.5
272762,26586643,,F,9,PE,0,0.5
272762,26586649,,F,10,SCI,0,0.5
272762,26586653,,F,10,ART,0,0.5
272762,26586659,,F,10,MTH,0,0.5
272762,26586663,,F,10,LANG,0,0.5
272762,26586670,,F,11,ELA,0,0.5
272762,26586635,,F,9,ELA,0,0.5
272762,26586639,,F,9,ART,0,0.5
272762,26586641,,F,9,OTHER,0,0.5
272762,26586645,,F,9,SS,0,0.5
272762,26586650,,F,10,SCI,0,0.5
272762,26586657,,F,10,ELA,0,0.5
272762,26586660,,F,10,MTH,0,0.5
272762,26586664,,F,10,LANG,0,0.5
272762,26586673,,F,11,ART,0,0.5
705860,24608234,,P,9,LANG,2,2
889495,22031167,,P,8,LANG,1.5,1.5
158592,26581753,,P,11,OTHER,0.5,0.5
272762,26586632,,P,9,OTHER,0.25,0.25
272762,26586654,,P,10,OTHER,0.25,0.25
272762,26586655,,P,10,OTHER,0.25,0.25
413254,22906804,,P,8,LANG,2,2